{
    "gscreen_report": [
        {
            "ligand": {
                "pharmacophore": {
                    "gscreen_pistacking": [
                        {
                            "center": [
                                47.7008,
                                -20.209600000000002,
                                100.98100000000001
                            ],
                            "command": "shape cylinder radius 1.120 height 1.0 caps true qrotation 0.516,-0.580,-0.000,0.630 center 47.701,-20.210,100.981 mesh true",
                            "idxs": [
                                1,
                                14,
                                4,
                                6,
                                15
                            ],
                            "plane": [
                                -0.7309427354961767,
                                -0.6506448268191274,
                                -0.20587381270300986
                            ],
                            "radius": 1.1198308800885988
                        }
                    ],
                    "gscreen_hydrophobic": [],
                    "gscreen_hydrogenbonding": [
                        {
                            "center": [
                                49.987,
                                -22.092,
                                98.954
                            ],
                            "command": "sel @/serialNumber=12 or serialNumber=6 or serialNumber=29 or serialNumber=30; di sel; color red sel",
                            "idxs": [
                                11,
                                5,
                                28,
                                29
                            ],
                            "reference": [
                                49.473,
                                -21.939,
                                100.216
                            ],
                            "is_donor": true,
                            "category": 1,
                            "_normal": null
                        },
                        {
                            "center": [
                                49.889,
                                -22.751,
                                101.283
                            ],
                            "command": "sel @/serialNumber=13 or serialNumber=1 or serialNumber=6; di sel; color red sel",
                            "idxs": [
                                12,
                                0,
                                5
                            ],
                            "reference": [
                                49.439499999999995,
                                -22.2745,
                                101.359
                            ],
                            "is_donor": false,
                            "category": 0,
                            "_normal": [
                                0.7274697154006093,
                                0.6523095942269117,
                                0.21279099241386618
                            ]
                        },
                        {
                            "center": [
                                47.797,
                                -19.954,
                                99.824
                            ],
                            "command": "sel @/serialNumber=15 or serialNumber=2 or serialNumber=5; di sel; color red sel",
                            "idxs": [
                                14,
                                1,
                                4
                            ],
                            "reference": [
                                47.757000000000005,
                                -20.153,
                                100.60849999999999
                            ],
                            "is_donor": false,
                            "category": 0,
                            "_normal": [
                                0.7300799730814693,
                                0.6525872695473405,
                                0.20276362723158184
                            ]
                        },
                        {
                            "center": [
                                42.773,
                                -20.043,
                                105.278
                            ],
                            "command": "sel @/serialNumber=17 or serialNumber=4 or serialNumber=31; di sel; color red sel",
                            "idxs": [
                                16,
                                3,
                                30
                            ],
                            "reference": [
                                42.97,
                                -18.88,
                                104.403
                            ],
                            "is_donor": true,
                            "category": 1,
                            "_normal": null
                        },
                        {
                            "center": [
                                47.654,
                                -17.686,
                                104.402
                            ],
                            "command": "sel @/serialNumber=18 or serialNumber=10 or serialNumber=32; di sel; color red sel",
                            "idxs": [
                                17,
                                9,
                                31
                            ],
                            "reference": [
                                46.479,
                                -17.987,
                                103.665
                            ],
                            "is_donor": true,
                            "category": 1,
                            "_normal": null
                        },
                        {
                            "center": [
                                45.087,
                                -16.826,
                                105.188
                            ],
                            "command": "sel @/serialNumber=19 or serialNumber=11; di sel; color red sel",
                            "idxs": [
                                18,
                                10
                            ],
                            "reference": [
                                45.303,
                                -17.847,
                                104.579
                            ],
                            "is_donor": false,
                            "category": 0,
                            "_normal": [
                                -0.7178473289816775,
                                -0.46234009273962,
                                0.5205159468425448
                            ]
                        }
                    ]
                },
                "file": "/data/galaxy4/user/jnooree/repo/seoklab/gscreen/examples/dude-sahh/outputs/ganal/../../inputs/crystal_ligand.mol2"
            },
            "receptor": {
                "pharmacophore": {
                    "gscreen_pistacking": [
                        {
                            "center": [
                                47.2438,
                                -16.4186,
                                99.04299999999999
                            ],
                            "command": "shape cylinder radius 1.151 height 1.0 caps true qrotation 0.519,-0.140,0.000,0.843 center 47.244,-16.419,99.043 mesh true",
                            "idxs": [
                                3011,
                                3013,
                                3012,
                                3010,
                                3009
                            ],