{"gscreen_hydrophobic": [], "gscreen_pistacking": [[{"center": [47.2438, -16.4186, 99.04299999999999], "command": "shape cylinder radius 1.151 height 1.0 caps true qrotation 0.519,-0.140,0.000,0.843 center 47.244,-16.419,99.043 mesh true", "idxs": [3011, 3013, 3012, 3010, 3009], "plane": [-0.23556972141074803, -0.8752695209694311, 0.4223862829382662], "radius": 1.1509167650182057}, 0.09090909090909091]], "gscreen_hydrogenbonding": [[{"center": [48.959, -23.214, 95.879], "command": "", "reference": [48.09347202802774, -23.26778987396438, 95.38103616678433], "is_donor": false, "category": 0, "_normal": [0.3544077917097201, 0.6367552543705124, -0.6847903790248399]}, 0.09090909090909091], [{"center": [50.996, -19.961, 96.836], "command": "", "reference": [50.673845259236614, -19.093723369649705, 96.45646400770116], "is_donor": false, "category": 0, "_normal": [-0.40159026061141206, -0.48824666125331107, -0.7748164042888178]}, 0.09090909090909091], [{"center": [52.413, -23.757, 98.376], "command": "", "reference": [53.22282147884713, -23.19157683598423, 98.21952055090006], "is_donor": false, "category": 0, "_normal": [-0.5807990578378479, 0.735006195042317, -0.349911914147095]}, 0.09090909090909091], [{"center": [43.799, -22.686, 104.079], "command": "", "reference": [44.07705212068613, -23.583929784234137, 103.7378121913599], "is_donor": false, "category": 0, "_normal": [-0.025343414454693475, 0.34821319364574127, -0.9370727202905926]}, 0.09090909090909091], [{"center": [44.006, -20.392, 107.639], "command": "", "reference": [44.79294299345265, -21.008814948761554, 107.65512588101338], "is_donor": false, "category": 0, "_normal": [0.5656802501117484, 0.7312322331477313, 0.38118929134655877]}, 0.09090909090909091], [{"center": [49.217, -15.873, 103.208], "command": "", "reference": [48.760485190458525, -15.0359270045759, 102.90649870812966], "is_donor": false, "category": 0, "_normal": [-0.27211337218243403, 0.19166811737838468, 0.942983374963806]}, 0.09090909090909091], [{"center": [42.843, -16.129, 106.912], "command": "", "reference": [43.11948469259032, -16.74512578704137, 107.64952642617367], "is_donor": true, "category": 1, "_normal": null}, 0.09090909090909091], [{"center": [46.453, -14.217, 106.038], "command": "", "reference": [47.44643257933864, -14.295142781548526, 106.1215788011345], "is_donor": true, "category": 1, "_normal": null}, 0.09090909090909091], [{"center": [50.934, -25.319, 100.893], "command": "", "reference": [50.45601533650064, -25.879105376611584, 100.21638147487022], "is_donor": true, "category": 1, "_normal": null}, 0.09090909090909091], [{"center": [47.927, -19.562, 97.934], "command": "sel @/serialNumber=3005 or serialNumber=3002 or serialNumber=3006 or serialNumber=3016; di sel; color red sel", "idxs": [3004, 3001, 3005, 3015], "reference": [48.323, -19.471, 97.02], "is_donor": true, "category": 2, "_normal": null}, 0.09090909090909091]], "gscreen": "1.0"}